{
  "train_metrics": {
    "LightGBM": {
      "f1": 0.9739441257321821,
      "precision": 0.9744102864312589,
      "recall": 0.9739521603275509,
      "roc_auc": 0.9996625326014015
    },
    "XGBoost": {
      "f1": 0.9805610628628928,
      "precision": 0.9808798853476145,
      "recall": 0.9806594117013253,
      "roc_auc": 0.9996966050904009
    },
    "HistGradientBoosting": {
      "f1": 0.978076633395731,
      "precision": 0.9783854820283023,
      "recall": 0.9781273569658442,
      "roc_auc": 0.9988890133812115
    }
  },
  "test_metrics": {
    "LightGBM": {
      "f1": 0.9257087720838839,
      "precision": 0.9266670060904096,
      "recall": 0.9254390690658334,
      "roc_auc": 0.9963059141073741
    },
    "XGBoost": {
      "f1": 0.9280278792576682,
      "precision": 0.9298086051644819,
      "recall": 0.928994720396509,
      "roc_auc": 0.9965674919075095
    },
    "HistGradientBoosting": {
      "f1": 0.9263138332846405,
      "precision": 0.9277258315639481,
      "recall": 0.9269475272061201,
      "roc_auc": 0.9957835672259376
    }
  },
  "overfitting_status": {
    "LightGBM": "good",
    "XGBoost": "good",
    "HistGradientBoosting": "good"
  },
  "best_model": "XGBoost",
  "n_features": 55,
  "n_classes": 12
}